month,aba_rev,aba_gp,aba_hours,therapy_rev,therapy_gp,therapy_visits,sbs_rev,sbs_gp,sbs_hours,other_rev,other_gp,ebitda,net_income,CO_rev,CO_gp,CO_ebitda,CO_ni,CO_visits,TX_rev,TX_gp,TX_ebitda,TX_ni,TX_visits,AZ_rev,AZ_gp,AZ_ebitda,AZ_ni,AZ_visits,NV_ID_rev,NV_ID_gp,NV_ID_ebitda,NV_ID_ni,NV_ID_visits
Jan 2023,174221.01,57321.7,,8072324.12,3277909.15,63027,929687.82,429505.15,,56515.7,53629.31,2919027.22,2919027.22,,,,,,,,,,,,,,,,,,,,
Feb 2023,152954.9,51334.95,,7432099.19,2923293.06,58506,775696.21,295265.09,,35440.83,34102.85,2429843.75,2429843.75,,,,,,,,,,,,,,,,,,,,
Mar 2023,188421.27,76545.18,,8665825.04,3552298.4,66271,862619.73,431538.23,,6084.86,4196.92,3103119.32,3103119.32,,,,,,,,,,,,,,,,,,,,
Apr 2023,169896.24,72221.05,,7808645.68,3073200.33,61006,712995.07,227113.2,,5003.02,2079.91,2577690.66,2577690.66,,,,,,,,,,,,,,,,,,,,
May 2023,182687.97,72059.3,,8594447.13,3607283.23,67311,898449.51,361243.18,,0.0,-1195.27,3229615.19,3223564.99,,,,,,,,,,,,,,,,,,,,
Jun 2023,199806.7,83065.33,,7896393.13,3375782.67,62383,386135.34,54315.99,,0.0,-1937.9,2348719.36,2341624.99,,,,,,,,,,,,,,,,,,,,
Jul 2023,163152.23,47011.7,,7715240.53,3081358.51,58539,19524.25,-30118.38,,0.0,-845.43,1881524.31,1875374.08,,,,,,,,,,,,,,,,,,,,
Aug 2023,184863.94,67046.96,,8228955.28,3489600.11,64139,105728.4,16820.62,,0.0,-1694.75,2318100.8,2314694.82,,,,,,,,,,,,,,,,,,,,
Sep 2023,168143.52,50855.92,,7487072.65,3072548.0,57074,771802.65,170107.29,,0.0,6.04,2160540.62,2159060.09,,,,,,,,,,,,,,,,,,,,
Oct 2023,191684.3,71034.08,,8169925.6,3453652.69,59952,858973.68,226032.1,,0.0,-2227.39,2465492.36,2463746.9,,,,,,,,,,,,,,,,,,,,
Nov 2023,167704.0,41115.75,,8379292.72,3844736.4,59634,723750.9,164987.22,,0.0,-1032.45,2701539.1,2693598.45,,,,,,,,,,,,,,,,,,,,
Dec 2023,147641.4,-5750.79,,7082604.02,2990730.3,50383,478968.0,123413.64,,0.0,0.0,1847771.57,1838200.84,,,,,,,,,,,,,,,,,,,,
Jan 2024,195260.16,71967.66,,8220127.88,3351751.43,61164,795673.89,194476.81,,0.0,-203.04,2707597.27,2702638.37,5651615.77,2252946.04,2043427.79,2043427.79,,2070327.33,1015527.37,467260.5,467260.5,,498184.78,111768.56,89895.9,89895.9,,0,0,0,0,
Feb 2024,200166.89,84647.53,,7701980.21,3240816.73,57630,737371.43,174013.43,,0.0,-2670.55,2507816.76,2502857.86,5378589.83,2308944.96,2098665.96,2098665.96,,1844522.96,802723.31,361983.4,361983.4,,478867.42,148780.31,-52656.27,-52656.27,,0.0,0.0,-566.95,-566.95,
Mar 2024,197370.85,85958.91,,7141047.68,2812544.5,53868,803388.29,198510.97,,0.0,0.0,2249728.41,2244769.51,4964207.07,2006043.05,1779063.99,1779063.99,,1709224.56,685830.52,257721.21,257721.21,,467616.05,116202.47,73903.3,73903.3,,0.0,0.0,-1367.35,-1367.35,
Apr 2024,217524.14,102907.14,,7913725.42,3255125.39,59757,731504.41,178072.25,,0.0,0.0,2720467.18,2715508.28,5475738.15,2300220.08,2075853.52,2075853.52,,1919287.34,821276.1,410907.41,410907.41,,518699.93,159222.61,149804.89,149804.89,,0.0,-25593.4,-26752.77,-26752.77,
May 2024,223417.26,101129.66,,7724664.51,3176287.31,57791,767664.7,174561.69,,0.0,-3284.66,2585821.81,2571074.96,5435475.79,2303913.39,2054945.59,2054945.59,,1795315.47,742320.12,315884.78,315884.78,,493873.25,139227.89,126851.99,126851.99,,0.0,-12458.75,-13136.58,-13136.58,
Jun 2024,216875.17,101366.08,,7047076.99,2806556.06,53227,280902.55,21688.85,,0.0,0.0,2246173.35,2230604.29,4917665.27,1989420.01,1796601.53,1796601.53,,1740114.01,726897.49,363502.84,363502.84,,389297.71,87182.66,75607.97,75607.97,,0.0,3055.9,245.11,245.11,
Jul 2024,212854.04,87898.7,,8081492.54,3316449.16,59494,22320.12,4925.29,,0.0,-1650.64,2665381.44,2660098.16,5686509.52,2370616.48,2139793.68,2139793.68,,1957406.48,831335.38,469810.9,469810.9,,437576.54,112846.66,98842.02,98842.02,,0.0,0.0,-2398.11,-2398.11,
Aug 2024,201705.38,77573.43,,7620260.38,3089807.72,57036,52997.59,16418.85,,0.0,-353.16,2420129.12,2419201.66,5309773.48,2215730.91,2007855.16,2007855.16,,1875279.98,761049.88,429241.13,429241.13,,435206.92,112673.77,98238.44,98238.44,,0.0,0.0,-6228.11,-6228.11,
Sep 2024,190900.07,64949.19,,7555023.65,2970017.92,56124,187061.56,47999.48,,0.0,0.0,2441630.97,2440972.23,5250757.64,2049337.2,1852947.34,1852947.34,,1870779.24,805554.05,504572.71,504572.71,,433486.77,115126.67,101436.74,101436.74,,0.0,0.0,-7276.12,-7276.12,
Oct 2024,223365.45,89536.84,,8804828.94,3636729.17,64548,217127.92,57334.28,,0.0,-1256.56,2469758.96,2466080.72,6232001.22,2615796.53,2097999.92,2097999.92,,2075716.31,881838.34,304862.73,304862.73,,497111.41,148134.26,99307.46,99307.46,,0.0,-10094.37,-20147.99,-20147.99,
Nov 2024,187043.18,57136.55,,7257086.58,3028578.91,53714,168924.96,42694.01,,0.0,-1309.06,1901021.55,1901450.63,5070925.98,2206491.82,1735778.68,1735778.68,,1737454.12,687263.68,212340.43,212340.43,,448706.48,131675.81,88011.93,88011.93,,0.0,3192.43,-6137.65,-6137.65,
Dec 2024,169507.75,47130.98,,7230234.44,2649059.3,53492,164058.38,42897.77,,0.0,99955.17,1727212.02,1725668.94,5025046.69,1862630.92,1503711.17,1503711.17,,1793290.87,762973.26,258992.17,258992.17,,411896.88,124592.62,122223.99,122223.99,,0.0,-1182.33,-8310.56,-8310.56,
Jan 2025,206985.93,74754.83,,8096037.15,3211182.16,59471,224647.49,58978.22,,0.0,0.0,2210713.89,2208882.01,5715604.48,2339234.51,2008303.86,2008303.86,,1915158.77,763799.68,256199.78,256199.78,,465273.9,108147.97,62893.05,62893.05,,0.0,0.0,-19155.49,-19155.49,
Feb 2025,190801.38,69964.17,,7256649.67,2713454.6,54126,195984.89,42927.77,,0.0,298.48,1690469.95,1688445.99,5020337.64,1923346.44,1524902.02,1524902.02,,1801486.28,693439.18,230216.82,230216.82,,434825.75,96668.98,62428.06,62428.06,,0.0,0.0,-22442.36,-22442.36,
Mar 2025,203862.15,78595.19,,7571512.86,2905276.77,57037,215309.99,52697.46,,0.0,-298.48,1861323.25,1859466.86,5230584.97,2030115.72,1607366.31,1607366.31,,1914199.84,778640.85,335936.51,335936.51,,426728.05,96520.2,59583.77,59583.77,,0.0,0.0,-32858.06,-32858.06,
Apr 2025,209129.15,79544.87,,8164773.35,3139674.69,60852,227076.71,54345.71,,0.0,0.0,2107075.44,2105395.25,5607239.57,2193051.46,1791700.22,1791700.22,,2097885.54,817586.82,341272.83,341272.83,,459648.24,129036.41,81037.59,81037.59,,0.0,0.0,-45116.63,-45116.63,
May 2025,215724.38,73152.74,,7609379.79,2960029.86,56504,232910.31,57521.39,,0.0,0.0,1987236.9,1985170.04,5127776.68,2062710.63,1693562.89,1693562.89,,2031677.7,779524.47,347101.25,347101.25,,449925.41,119041.75,78029.24,78029.24,,0.0,-1246.99,-53349.68,-53349.68,
Jun 2025,205233.06,62709.4,,7466754.54,2771550.71,56132,105023.41,10141.16,,0.0,0.0,1787210.18,1786200.03,4973760.69,1893291.6,1476501.36,1476501.36,,2061579.03,776733.84,405183.47,405183.47,,431015.0,105875.44,69012.01,69012.01,,399.82,-4350.17,-58808.59,-58808.59,
Jul 2025,264379.73,97723.4,,8129416.41,3024394.22,59578,0.0,0.0,,0.0,0.0,1939824.49,1939602.58,5443752.42,2067233.48,1690642.66,1690642.66,,2224899.94,841933.3,417663.35,417663.35,,450620.61,113557.55,68503.79,68503.79,,10143.44,1669.89,-72889.77,-72889.77,
Aug 2025,225404.91,74963.14,,7011137.93,2594367.49,51980,138141.25,31289.86,,0.0,0.0,1351768.91,1351146.17,4619927.31,1731526.31,1247503.1,1247503.1,,1937434.56,739500.01,314874.82,314874.82,,409012.78,104057.37,59517.71,59517.71,,44763.28,19283.8,-72673.54,-72673.54,
Sep 2025,248575.01,89467.58,,7544030.7,2781427.62,57098,463669.5,141308.92,,0.0,0.0,1680460.24,1678465.05,4894361.18,1772064.88,1322693.83,1322693.83,,2170101.49,856410.55,395536.09,395536.09,,412781.82,121651.95,64170.57,64170.57,,66786.21,31300.24,-50111.89,-50111.89,
Oct 2025,275176.3,100449.23,,8024299.29,3007382.21,59960,536883.75,157995.63,,0.0,-107.64,2017965.19,2015851.46,5219555.01,1983351.95,1474513.42,1474513.42,,2258064.76,885625.96,480878.67,480878.67,,458952.6,99274.81,56703.81,56703.81,,87726.92,39021.85,-32621.42,-32621.42,
Nov 2025,235656.08,75108.66,,6776206.41,2347883.36,50594,418528.25,128301.05,,0.0,-134.56,1511984.5,1510343.27,4447505.09,1504277.56,1154596.24,1154596.24,,1891319.4,727547.81,356357.05,356357.05,,356265.37,74454.25,21225.35,21225.35,,81116.55,41469.18,-17954.25,-17954.25,
Dec 2025,302084.32,103681.48,,7383504.95,2453139.3,55315,421087.5,132224.63,,0.0,80.74,1518732.79,1518510.88,4815746.19,1522763.95,1033483.61,1033483.61,,2048593.77,800637.44,444241.14,444241.14,,419399.64,96860.22,53549.81,53549.81,,99765.35,32958.43,-19376.31,-19376.31,
Jan 2026,265587.06,98808.5,3812.25,7415085.27,2491776.84,55793,455194.15,125118.87,7991.5,0.0,-590.97,1540331.96,1540110.05,4958560.82,1653008.82,1261226.17,1261226.17,33914.0,1926756.59,720951.68,312197.54,312197.54,17542.0,423462.54,87880.79,23838.83,23838.83,3464.0,106305.32,29756.87,-25706.45,-25706.45,802.0
Feb 2026,307787.72,143123.61,4260.75,7343183.56,2582540.99,55108,513091.17,154812.16,8698.25,0.0,-155.0,1790233.35,1790011.44,4815191.8,1648229.29,1254801.96,1254801.96,32858.0,1987836.78,772327.8,393729.05,393729.05,17789.0,405508.91,103981.18,58842.0,58842.0,3369.0,134646.07,57847.72,7226.11,7226.11,941.0
Mar 2026,291745.76,118178.53,4153.78,7944438.29,2812851.68,59875,494290.41,145748.43,8506.25,0.0,-545.13,1816522.86,1816300.95,5268499.94,1846026.71,1446099.79,1446099.79,35810.0,2135824.93,838742.79,400275.03,400275.03,19618.0,415455.43,90701.56,54755.74,54755.74,3535.0,128992.39,40838.69,-18013.89,-18013.89,1055.0
Apr 2026,342177.68,157601.5,4577.5,8010743.16,2925441.87,60261,545020.71,165908.72,9536.25,0,411.79,1987462.27,1987240.36,5329540.49,1970472.3,1581957.96,1581957.96,36173.0,2111854.1,801316.86,283723.51,283723.51,19350.0,438389.02,113117.07,82204.2,82204.2,3691.0,135898.75,44656.4,-12791.12,-12791.12,1154.0
May 2026,308261.93,122093.79,5366.83,7263402.1,2497198.15,54299.0,481209.85,130383.9,8182.75,0,,1632619.05,1632397.14,4754054.28,1624985.03,1248112.87,1248112.87,31927.0,2006157.22,755801.13,364238.28,364238.28,18077.0,372858.92,81325.7,56463.52,56463.52,3145.0,130331.68,35086.29,-29285.22,-29285.22,1150.0
Jun 2026,323611.81,134051.24,4452.3,8212579.78,2882106.55,61449.0,145075.64,23383.35,2416,0,0,1788534.69,1787921.17,5409136.86,1841074.55,1430340.21,1430340.21,36647.0,2243574.82,884080.08,423885.2,423885.2,20258.0,408348.99,112547.44,65922.28,65922.28,3220.0,151519.11,44404.48,-12793.09,-12793.09,1324.0
Jul 2026,382386.29,171702.84,4325.5,7988575.21,2738154.73,61236,33454.11,-4762.63,193,0,0,,,5192920.12,1714271.46,1281301.96,1281301.96,35809,2275222.77,906516.22,479389.67,479389.67,20988,369044.62,77262.91,,,3093,151387.7,40104.14,-15802.68,-15802.68,1346
